depth_m;dens;dd
0.01;319.2;0
0.02;319.2;0
0.03;319.2;0
0.04;319.2;0
0.05;319.2;0
0.06;319.2;0
0.07;319.2;0
0.08;319.2;0
0.09;319.2;0
0.1;319.2;0
0.11;319.2;0
0.12;319.2;0
0.13;319.2;0
0.14;319.2;0
0.15;319.2;0
0.16;319.2;0
0.17;319.2;0
0.18;319.2;0
0.19;319.2;0
0.2;319.2;0
0.21;319.2;0
0.22;319.2;0
0.23;319.2;0
0.24;319.2;0
0.25;319.2;0
0.26;319.2;0
0.27;319.2;0
0.28;319.2;0
0.29;319.2;0
0.3;319.2;0
0.31;319.2;0
0.32;319.2;0
0.33;319.2;0
0.34;319.2;0
0.35;319.2;0
0.36;319.2;0
0.37;319.2;0
0.38;319.2;0
0.39;319.2;0
0.4;319.2;0
0.41;319.2;0
0.42;319.2;0
0.43;319.2;0
0.44;319.2;0
0.45;319.2;0
0.46;319.2;0
0.47;319.2;0
0.48;319.2;0
0.49;319.2;0
0.5;319.2;0
0.51;319.2;0
0.52;319.2;0
0.53;319.2;0
0.54;319.2;0
0.55;319.2;0
0.56;319.2;0
0.57;319.2;0
0.58;319.2;0
0.59;319.2;0
0.6;319.2;0
0.61;319.2;0
0.62;319.2;0
0.63;319.2;0
0.64;319.2;0
0.65;319.2;0
0.66;319.2;0
0.67;319.2;0
0.68;319.2;0
0.69;319.2;0
0.7;319.2;0
0.71;319.2;0
0.72;319.2;0
0.73;319.2;0
0.74;319.2;0
0.75;319.2;0
0.76;319.2;0
0.77;319.2;0
0.78;319.2;0
0.79;319.2;0
0.8;319.2;0
0.81;319.2;0
0.82;319.2;0
0.83;319.2;0
0.84;319.2;0
0.85;319.2;0
0.86;319.2;0
0.87;319.2;0
0.88;319.2;0
0.89;319.2;0
0.9;319.2;0
0.91;319.2;0
0.92;319.2;0
0.93;319.2;0
0.94;319.2;0
0.95;319.2;0
0.96;319.2;0
0.97;319.2;0
0.98;319.2;0
0.99;319.2;0
1;319.2;0
1.01;319.2;0
1.02;319.2;0
1.03;319.2;0
1.04;319.2;0
1.05;319.2;0
1.06;319.2;0
1.07;319.2;0
1.08;319.2;0
1.09;319.2;0
1.1;319.2;0
1.11;319.2;0
1.12;319.2;0
1.13;319.2;0
1.14;319.2;0
1.15;405.67;0
1.16;405.67;0
1.17;405.67;0
1.18;405.67;0
1.19;405.67;0
1.2;405.67;0
1.21;405.67;0
1.22;405.67;0
1.23;405.67;0
1.24;405.67;0
1.25;405.67;0
1.26;405.67;0
1.27;405.67;0
1.28;405.67;0
1.29;405.67;0
1.3;405.67;0
1.31;405.67;0
1.32;405.67;0
1.33;405.67;0
1.34;405.67;0
1.35;405.67;0
1.36;405.67;0
1.37;405.67;0
1.38;405.67;0
1.39;405.67;0
1.4;405.67;0
1.41;405.67;0
1.42;405.67;0
1.43;405.67;0
1.44;405.67;0
1.45;405.67;0
1.46;405.67;0
1.47;405.67;0
1.48;405.67;0
1.49;405.67;0
1.5;405.67;0
1.51;405.67;0
1.52;405.67;0
1.53;405.67;0
1.54;405.67;0
1.55;405.67;0
1.56;405.67;0
1.57;405.67;0
1.58;405.67;0
1.59;405.67;0
1.6;405.67;0
1.61;405.67;0
1.62;405.67;0
1.63;405.67;0
1.64;405.67;0
1.65;405.67;0
1.66;405.67;0
1.67;405.67;0
1.68;405.67;0
1.69;405.67;0
1.7;405.67;0
1.71;405.67;0
1.72;405.67;0
1.73;405.67;0
1.74;405.67;0
1.75;405.67;0
1.76;405.67;0
1.77;405.67;0
1.78;405.67;0
1.79;405.67;0
1.8;405.67;0
1.81;408.31;0
1.82;408.31;0
1.83;408.31;0
1.84;408.31;0
1.85;408.31;0
1.86;408.31;0
1.87;408.31;0
1.88;408.31;0
1.89;408.31;0
1.9;408.31;0
1.91;408.31;0
1.92;408.31;0
1.93;408.31;0
1.94;408.31;0
1.95;408.31;0
1.96;408.31;0
1.97;408.31;0
1.98;408.31;0
1.99;408.31;0
2;408.31;0
2.01;408.31;0
2.02;408.31;0
2.03;850;100
2.04;850;100
2.05;408.31;0
2.06;408.31;0
2.07;408.31;0
2.08;408.31;0
2.09;850;100
2.1;850;100
2.11;408.31;0
2.12;408.31;0
2.13;408.31;0
2.14;408.31;0
2.15;408.31;0
2.16;408.31;0
2.17;408.31;0
2.18;408.31;0
2.19;408.31;0
2.2;408.31;0
2.21;408.31;0
2.22;408.31;0
2.23;408.31;0
2.24;432.07;0
2.25;432.07;0
2.26;432.07;0
2.27;432.07;0
2.28;432.07;0
2.29;432.07;0
2.3;432.07;0
2.31;432.07;0
2.32;432.07;0
2.33;432.07;0
2.34;432.07;0
2.35;432.07;0
2.36;432.07;0
2.37;432.07;0
2.38;432.07;0
2.39;432.07;0
2.4;432.07;0
2.41;432.07;0
2.42;432.07;0
2.43;432.07;0
2.44;432.07;0
2.45;432.07;0
2.46;432.07;0
2.47;432.07;0
2.48;432.07;0
2.49;432.07;0
2.5;432.07;0
2.51;432.07;0
2.52;432.07;0
2.53;432.07;0
2.54;432.07;0
2.55;432.07;0
2.56;432.07;0
2.57;432.07;0
2.58;432.07;0
2.59;432.07;0
2.6;432.07;0
2.61;432.07;0
2.62;432.07;0
2.63;432.07;0
2.64;432.07;0
2.65;432.07;0
2.66;432.07;0
2.67;432.07;0
2.68;432.07;0
2.69;432.07;0
2.7;432.07;0
2.71;432.07;0
2.72;432.07;0
2.73;432.07;0
2.74;432.07;0
2.75;432.07;0
2.76;432.07;0
2.77;432.07;0
2.78;432.07;0
2.79;432.07;0
2.8;432.07;0
2.81;432.07;0
2.82;432.07;0
2.83;432.07;0
2.84;432.07;0
2.85;432.07;0
2.86;432.07;0
2.87;432.07;0
2.88;432.07;0
2.89;432.07;0
2.9;432.07;0
2.91;432.07;0
2.92;432.07;0
2.93;432.07;0
2.94;432.07;0
2.95;432.07;0
2.96;432.07;0
2.97;432.07;0
2.98;432.07;0
2.99;432.07;0
3;432.07;0
3.01;432.07;0
3.02;432.07;0
3.03;432.07;0
3.04;432.07;0
3.05;432.07;0
3.06;432.07;0
3.07;432.07;0
3.08;432.07;0
3.09;432.07;0
3.1;432.07;0
3.11;432.07;0
3.12;432.07;0
3.13;432.07;0
3.14;432.07;0
3.15;432.07;0
3.16;432.07;0
3.17;432.07;0
3.18;432.07;0
3.19;432.07;0
3.2;432.07;0
3.21;432.07;0
3.22;432.07;0
3.23;432.07;0
3.24;432.07;0
3.25;432.07;0
3.26;432.07;0
3.27;432.07;0
3.28;432.07;0
3.29;432.07;0
3.3;432.07;0
3.31;432.07;0
3.32;432.07;0
3.33;432.07;0
3.34;432.07;0
3.35;432.07;0
3.36;432.07;0
3.37;432.07;0
3.38;432.07;0
3.39;432.07;0
3.4;432.07;0
3.41;432.07;0
3.42;432.07;0
3.43;432.07;0
3.44;432.07;0
3.45;432.07;0
3.46;432.07;0
3.47;432.07;0
3.48;850;100
3.49;850;100
3.5;850;100
3.51;432.07;0
3.52;432.07;0
3.53;432.07;0
3.54;432.07;0
3.55;432.07;0
3.56;432.07;0
3.57;432.07;0
3.58;432.07;0
3.59;371.25;0
3.6;371.25;0
3.61;371.25;0
3.62;371.25;0
3.63;850;100
3.64;850;100
3.65;850;100
3.66;850;100
3.67;850;100
3.68;371.25;0
3.69;371.25;0
3.7;371.25;0
3.71;371.25;0
3.72;371.25;0
3.73;371.25;0
3.74;371.25;0
3.75;371.25;0
3.76;371.25;0
3.77;371.25;0
3.78;850;100
3.79;850;100
3.8;371.25;0
3.81;371.25;0
3.82;371.25;0
3.83;409.68;0
3.84;409.68;0
3.85;409.68;0
3.86;409.68;0
3.87;409.68;0
3.88;409.68;0
3.89;409.68;0
3.9;409.68;0
3.91;409.68;0
3.92;409.68;0
3.93;409.68;0
3.94;409.68;0
3.95;409.68;0
3.96;409.68;0
3.97;409.68;0
3.98;409.68;0
3.99;409.68;0
4;409.68;0
4.01;409.68;0
4.02;409.68;0
4.03;409.68;0
4.04;409.68;0
4.05;409.68;0
4.06;409.68;0
4.07;409.68;0
4.08;409.68;0
4.09;409.68;0
4.1;409.68;0
4.11;409.68;0
4.12;409.68;0
4.13;409.68;0
4.14;409.68;0
4.15;409.68;0
4.16;409.68;0
4.17;409.68;0
4.18;409.68;0
4.19;409.68;0
4.2;409.68;0
4.21;409.68;0
4.22;409.68;0
4.23;850;100
4.24;850;100
4.25;850;100
4.26;850;100
4.27;409.68;0
4.28;409.68;0
4.29;409.68;0
4.3;409.68;0
4.31;409.68;0
4.32;409.68;0
4.33;409.68;0
4.34;409.68;0
4.35;409.68;0
4.36;409.68;0
4.37;409.68;0
4.38;409.68;0
4.39;409.68;0
4.4;409.68;0
4.41;409.68;0
4.42;409.68;0
4.43;409.68;0
4.44;409.68;0
4.45;409.68;0
4.46;409.68;0
4.47;409.68;0
4.48;409.68;0
4.49;409.68;0
4.5;409.68;0
4.51;409.68;0
4.52;409.68;0
4.53;409.68;0
4.54;409.68;0
4.55;409.68;0
4.56;409.68;0
4.57;409.68;0
4.58;409.68;0
4.59;409.68;0
4.6;409.68;0
4.61;409.68;0
4.62;409.68;0
4.63;409.68;0
4.64;409.68;0
4.65;409.68;0
4.66;409.68;0
4.67;409.68;0
4.68;409.68;0
4.69;409.68;0
4.7;409.68;0
4.71;409.68;0
4.72;409.68;0
4.73;409.68;0
4.74;409.68;0
4.75;409.68;0
4.76;409.68;0
4.77;409.68;0
4.78;409.68;0
4.79;409.68;0
4.8;409.68;0
4.81;409.68;0
4.82;409.68;0
4.83;409.68;0
4.84;409.68;0
4.85;409.68;0
4.86;409.68;0
4.87;850;100
4.88;850;100
4.89;409.68;0
4.9;409.68;0
4.91;409.68;0
4.92;409.68;0
4.93;409.68;0
4.94;409.68;0
4.95;409.68;0
4.96;409.68;0
4.97;409.68;0
4.98;409.68;0
4.99;409.68;0
5;409.68;0
5.01;409.68;0
5.02;409.68;0
5.03;475.55;0
5.04;475.55;0
5.05;475.55;0
5.06;475.55;0
5.07;475.55;0
5.08;475.55;0
5.09;475.55;0
5.1;475.55;0
5.11;475.55;0
5.12;475.55;0
5.13;475.55;0
5.14;475.55;0
5.15;475.55;0
5.16;475.55;0
5.17;475.55;0
5.18;475.55;0
5.19;475.55;0
5.2;475.55;0
5.21;475.55;0
5.22;475.55;0
5.23;475.55;0
5.24;475.55;0
5.25;475.55;0
5.26;475.55;0
5.27;475.55;0
5.28;475.55;0
5.29;475.55;0
5.3;475.55;0
5.31;475.55;0
5.32;475.55;0
5.33;475.55;0
5.34;475.55;0
5.35;475.55;0
5.36;475.55;0
5.37;475.55;0
5.38;475.55;0
5.39;475.55;0
5.4;475.55;0
5.41;475.55;0
5.42;475.55;0
5.43;475.55;0
5.44;475.55;0
5.45;475.55;0
5.46;475.55;0
5.47;475.55;0
5.48;475.55;0
5.49;475.55;0
5.5;475.55;0
5.51;475.55;0
5.52;475.55;0
5.53;475.55;0
5.54;475.55;0
5.55;475.55;0
5.56;475.55;0
5.57;475.55;0
5.58;475.55;0
5.59;475.55;0
5.6;475.55;0
5.61;475.55;0
5.62;475.55;0
5.63;475.55;0
5.64;475.55;0
5.65;475.55;0
5.66;475.55;0
5.67;475.55;0
5.68;475.55;0
5.69;475.55;0
5.7;475.55;0
5.71;475.55;0
5.72;475.55;0
5.73;475.55;0
5.74;475.55;0
5.75;475.55;0
5.76;475.55;0
5.77;475.55;0
5.78;475.55;0
5.79;475.55;0
5.8;475.55;0
5.81;475.55;0
5.82;475.55;0
5.83;475.55;0
5.84;475.55;0
5.85;475.55;0
5.86;475.55;0
5.87;475.55;0
5.88;475.55;0
5.89;475.55;0
5.9;475.55;0
5.91;475.55;0
5.92;475.55;0
5.93;475.55;0
5.94;475.55;0
5.95;475.55;0
5.96;475.55;0
5.97;475.55;0
5.98;475.55;0
5.99;475.55;0
6;475.55;0
6.01;475.55;0
6.02;475.55;0
6.03;475.55;0
6.04;475.55;0
6.05;475.55;0
6.06;475.55;0
6.07;475.55;0
6.08;475.55;0
6.09;475.55;0
6.1;475.55;0
6.11;475.55;0
6.12;475.55;0
6.13;394.99;0
6.14;394.99;0
6.15;394.99;0
6.16;394.99;0
6.17;394.99;0
6.18;394.99;0
6.19;394.99;0
6.2;394.99;0
6.21;394.99;0
6.22;394.99;0
6.23;394.99;0
6.24;394.99;0
6.25;394.99;0
6.26;394.99;0
6.27;394.99;0
6.28;394.99;0
6.29;394.99;0
6.3;394.99;0
6.31;394.99;0
6.32;394.99;0
6.33;394.99;0
6.34;394.99;0
6.35;394.99;0
6.36;394.99;0
6.37;394.99;0
6.38;394.99;0
6.39;394.99;0
6.4;394.99;0
6.41;394.99;0
6.42;394.99;0
6.43;394.99;0
6.44;394.99;0
6.45;394.99;0
6.46;394.99;0
6.47;394.99;0
6.48;394.99;0
6.49;394.99;0
6.5;394.99;0
6.51;394.99;0
6.52;394.99;0
6.53;394.99;0
6.54;394.99;0
6.55;394.99;0
6.56;394.99;0
6.57;850;100
6.58;850;100
6.59;850;100
6.6;850;100
6.61;850;100
6.62;850;100
6.63;850;100
6.64;850;100
6.65;850;100
6.66;394.99;0
6.67;394.99;0
6.68;394.99;0
6.69;394.99;0
6.7;394.99;0
6.71;394.99;0
6.72;394.99;0
6.73;394.99;0
6.74;850;100
6.75;850;100
6.76;850;100
6.77;850;100
6.78;850;100
6.79;850;100
6.8;850;100
6.81;394.99;0
6.82;394.99;0
6.83;394.99;0
6.84;394.99;0
6.85;394.99;0
6.86;394.99;0
6.87;394.99;0
6.88;850;100
6.89;850;100
6.9;850;100
6.91;850;100
6.92;850;100
6.93;850;100
6.94;850;100
6.95;850;100
6.96;394.99;0
6.97;394.99;0
6.98;394.99;0
6.99;394.99;0
7;394.99;0
7.01;394.99;0
7.02;394.99;0
7.03;394.99;0
7.04;394.99;0
7.05;394.99;0
7.06;374.24;0
7.07;374.24;0
7.08;374.24;0
7.09;374.24;0
7.1;374.24;0
7.11;850;100
7.12;850;100
7.13;850;100
7.14;850;100
7.15;850;100
7.16;850;100
7.17;850;100
7.18;850;100
7.19;850;100
7.2;850;100
7.21;850;100
7.22;850;100
7.23;850;100
7.24;850;100
7.25;850;100
7.26;374.24;0
7.27;374.24;0
7.28;374.24;0
7.29;374.24;0
7.3;374.24;0
7.31;374.24;0
7.32;374.24;0
7.33;374.24;0
7.34;374.24;0
7.35;850;100
7.36;850;100
7.37;374.24;0
7.38;374.24;0
7.39;374.24;0
7.4;374.24;0
7.41;374.24;0
7.42;374.24;0
7.43;374.24;0
7.44;374.24;0
7.45;374.24;0
7.46;374.24;0
7.47;374.24;0
7.48;374.24;0
7.49;850;100
7.5;850;100
7.51;374.24;0
7.52;374.24;0
7.53;374.24;0
7.54;374.24;0
7.55;374.24;0
7.56;374.24;0
7.57;374.24;0
7.58;374.24;0
7.59;374.24;0
7.6;850;100
7.61;850;100
7.62;850;100
7.63;850;100
7.64;374.24;0
7.65;374.24;0
7.66;374.24;0
7.67;374.24;0
7.68;374.24;0
7.69;374.24;0
7.7;374.24;0
7.71;374.24;0
7.72;374.24;0
7.73;374.24;0
7.74;374.24;0
7.75;374.24;0
7.76;374.24;0
7.77;850;100
7.78;850;100
7.79;850;100
7.8;850;100
7.81;850;100
7.82;850;100
7.83;374.24;0
7.84;374.24;0
7.85;374.24;0
7.86;374.24;0
7.87;374.24;0
7.88;374.24;0
7.89;374.24;0
7.9;466.41;0
7.91;466.41;0
7.92;466.41;0
7.93;466.41;0
7.94;466.41;0
7.95;466.41;0
7.96;466.41;0
7.97;466.41;0
7.98;466.41;0
7.99;466.41;0
8;850;100
8.01;850;100
8.02;466.41;0
8.03;466.41;0
8.04;466.41;0
8.05;466.41;0
8.06;466.41;0
8.07;466.41;0
8.08;466.41;0
8.09;466.41;0
8.1;466.41;0
8.11;466.41;0
8.12;466.41;0
8.13;466.41;0
8.14;466.41;0
8.15;466.41;0
8.16;466.41;0
8.17;466.41;0
8.18;466.41;0
8.19;466.41;0
8.2;466.41;0
8.21;466.41;0
8.22;466.41;0
8.23;466.41;0
8.24;466.41;0
8.25;466.41;0
8.26;466.41;0
8.27;466.41;0
8.28;466.41;0
8.29;466.41;0
8.3;466.41;0
8.31;466.41;0
8.32;466.41;0
8.33;466.41;0
8.34;466.41;0
8.35;466.41;0
8.36;466.41;0
8.37;466.41;0
8.38;466.41;0
8.39;466.41;0
8.4;466.41;0
8.41;466.41;0
8.42;466.41;0
8.43;466.41;0
8.44;466.41;0
8.45;466.41;0
8.46;466.41;0
8.47;466.41;0
8.48;850;100
8.49;466.41;0
8.5;466.41;0
8.51;466.41;0
8.52;850;100
8.53;850;100
8.54;850;100
8.55;850;100
8.56;850;100
8.57;850;100
8.58;850;100
8.59;466.41;0
8.6;466.41;0
8.61;466.41;0
8.62;466.41;0
8.63;466.41;0
8.64;466.41;0
8.65;466.41;0
8.66;466.41;0
8.67;466.41;0
8.68;466.41;0
8.69;466.41;0
8.7;466.41;0
8.71;466.41;0
8.72;466.41;0
8.73;466.41;0
8.74;466.41;0
8.75;466.41;0
8.76;350.23;0
8.77;350.23;0
8.78;350.23;0
8.79;850;100
8.8;850;100
8.81;350.23;0
8.82;350.23;0
8.83;350.23;0
8.84;350.23;0
8.85;350.23;0
8.86;350.23;0
8.87;850;100
8.88;850;100
8.89;350.23;0
8.9;350.23;0
8.91;350.23;0
8.92;350.23;0
8.93;350.23;0
8.94;850;100
8.95;350.23;0
8.96;350.23;0
8.97;350.23;0
8.98;350.23;0
8.99;350.23;0
9;350.23;0
9.01;850;100
9.02;850;100
9.03;850;100
9.04;512.99;0
9.05;512.99;0
9.06;512.99;0
9.07;512.99;0
9.08;512.99;0
9.09;512.99;0
9.1;512.99;0
9.11;512.99;0
9.12;512.99;0
9.13;512.99;0
9.14;512.99;0
9.15;512.99;0
9.16;512.99;0
9.17;512.99;0
9.18;512.99;0
9.19;512.99;0
9.2;512.99;0
9.21;512.99;0
9.22;512.99;0
9.23;512.99;0
9.24;512.99;0
9.25;512.99;0
9.26;512.99;0
9.27;512.99;0
9.28;512.99;0
9.29;512.99;0
9.3;512.99;0
9.31;512.99;0
9.32;512.99;0
9.33;512.99;0
9.34;512.99;0
9.35;512.99;0
9.36;512.99;0
9.37;512.99;0
9.38;512.99;0
9.39;512.99;0
9.4;512.99;0
9.41;512.99;0
9.42;512.99;0
9.43;512.99;0
9.44;512.99;0
9.45;512.99;0
9.46;512.99;0
9.47;512.99;0
9.48;512.99;0
9.49;512.99;0
9.5;512.99;0
9.51;512.99;0
9.52;512.99;0
9.53;512.99;0
9.54;512.99;0
9.55;512.99;0
9.56;512.99;0
9.57;512.99;0
9.58;512.99;0
9.59;512.99;0
9.6;512.99;0
9.61;512.99;0
9.62;850;100
9.63;850;100
9.64;850;100
9.65;512.99;0
9.66;512.99;0
9.67;512.99;0
9.68;512.99;0
9.69;512.99;0
9.7;512.99;0
9.71;512.99;0
9.72;512.99;0
9.73;512.99;0
9.74;512.99;0
9.75;512.99;0
9.76;512.99;0
9.77;512.99;0
9.78;512.99;0
9.79;512.99;0
9.8;512.99;0
9.81;512.99;0
9.82;512.99;0
9.83;512.99;0
9.84;509.17;0
9.85;509.17;0
9.86;509.17;0
9.87;509.17;0
9.88;509.17;0
9.89;509.17;0
9.9;509.17;0
9.91;509.17;0
9.92;509.17;0
9.93;509.17;0
9.94;509.17;0
9.95;509.17;0
9.96;509.17;0
9.97;509.17;0
9.98;509.17;0
9.99;850;100
10;509.17;0
10.01;509.17;0
10.02;509.17;0
10.03;850;100
10.04;509.17;0
10.05;509.17;0
10.06;509.17;0
10.07;509.17;0
10.08;509.17;0
10.09;509.17;0
10.1;509.17;0
10.11;850;100
10.12;509.17;0
10.13;509.17;0
10.14;509.17;0
10.15;509.17;0
10.16;509.17;0
10.17;509.17;0
10.18;509.17;0
10.19;509.17;0
10.2;509.17;0
10.21;509.17;0
10.22;509.17;0
10.23;509.17;0
10.24;509.17;0
10.25;509.17;0
10.26;850;100
10.27;509.17;0
10.28;509.17;0
10.29;509.17;0
10.3;509.17;0
10.31;509.17;0
10.32;509.17;0
10.33;509.17;0
10.34;850;100
10.35;509.17;0
10.36;509.17;0
10.37;509.17;0
10.38;850;100
10.39;850;100
10.4;850;100
10.41;509.17;0
10.42;509.17;0
10.43;509.17;0
10.44;509.17;0
10.45;509.17;0
10.46;509.17;0
10.47;509.17;0
10.48;509.17;0
10.49;509.17;0
10.5;509.17;0
10.51;509.17;0
10.52;509.17;0
10.53;509.17;0
10.54;509.17;0
10.55;509.17;0
10.56;509.17;0
10.57;509.17;0
10.58;509.17;0
10.59;509.17;0
10.6;509.17;0
10.61;509.17;0
10.62;509.17;0
10.63;509.17;0
10.64;509.17;0
10.65;509.17;0
10.66;509.17;0
10.67;509.17;0
10.68;509.17;0
10.69;509.17;0
10.7;509.17;0
10.71;509.17;0
10.72;509.17;0
10.73;509.17;0
10.74;509.17;0
10.75;509.17;0
10.76;509.17;0
10.77;509.17;0
10.78;509.17;0
10.79;509.17;0
10.8;509.17;0
10.81;509.17;0
10.82;509.17;0
10.83;509.17;0
10.84;509.17;0
10.85;509.17;0
10.86;509.17;0
10.87;509.17;0
10.88;509.17;0
10.89;509.17;0
10.9;509.17;0
10.91;509.17;0
10.92;509.17;0
10.93;509.17;0
10.94;509.17;0
10.95;509.17;0
10.96;509.17;0
10.97;509.17;0
10.98;509.17;0
10.99;509.17;0
11;509.17;0
11.01;509.17;0
11.02;509.17;0
11.03;509.17;0
11.04;509.17;0
11.05;509.17;0
11.06;850;100
11.07;850;100
11.08;850;100
11.09;850;100
11.1;535.31;0
11.11;535.31;0
11.12;535.31;0
11.13;535.31;0
11.14;535.31;0
11.15;850;100
11.16;850;100
11.17;850;100
11.18;535.31;0
11.19;535.31;0
11.2;535.31;0
11.21;535.31;0
11.22;535.31;0
11.23;850;100
11.24;850;100
11.25;535.31;0
11.26;535.31;0
11.27;535.31;0
11.28;535.31;0
11.29;535.31;0
11.3;535.31;0
11.31;535.31;0
11.32;535.31;0
11.33;535.31;0
11.34;535.31;0
11.35;535.31;0
11.36;535.31;0
11.37;535.31;0
11.38;535.31;0
11.39;535.31;0
11.4;535.31;0
11.41;535.31;0
11.42;535.31;0
11.43;535.31;0
11.44;535.31;0
11.45;535.31;0
11.46;535.31;0
11.47;535.31;0
11.48;535.31;0
11.49;535.31;0
11.5;535.31;0
11.51;535.31;0
11.52;535.31;0
11.53;535.31;0
11.54;535.31;0
11.55;535.31;0
11.56;535.31;0
11.57;535.31;0
11.58;535.31;0
11.59;535.31;0
11.6;535.31;0
11.61;535.31;0
11.62;535.31;0
11.63;535.31;0
11.64;535.31;0
11.65;535.31;0
11.66;535.31;0
11.67;535.31;0
11.68;535.31;0
11.69;535.31;0
11.7;535.31;0
11.71;535.31;0
11.72;535.31;0
11.73;535.31;0
11.74;535.31;0
11.75;535.31;0
11.76;535.31;0
11.77;535.31;0
11.78;535.31;0
11.79;535.31;0
11.8;535.31;0
11.81;535.31;0
11.82;535.31;0
11.83;535.31;0
11.84;535.31;0
11.85;535.31;0
11.86;535.31;0
11.87;535.31;0
11.88;535.31;0
11.89;535.31;0
11.9;535.31;0
11.91;535.31;0
11.92;535.31;0
11.93;535.31;0
11.94;535.31;0
11.95;535.31;0
11.96;535.31;0
11.97;850;100
11.98;535.31;0
11.99;535.31;0
12;535.31;0
12.01;535.31;0
12.02;850;100
12.03;850;100
12.04;535.31;0
12.05;535.31;0
12.06;535.31;0
12.07;535.31;0
12.08;535.31;0
12.09;535.31;0
12.1;535.31;0
12.11;535.31;0
12.12;535.31;0
12.13;533.14;0
12.14;533.14;0
12.15;850;100
12.16;850;100
12.17;533.14;0
12.18;533.14;0
12.19;533.14;0
12.2;533.14;0
12.21;533.14;0
12.22;533.14;0
12.23;533.14;0
12.24;533.14;0
12.25;533.14;0
12.26;533.14;0
12.27;533.14;0
12.28;533.14;0
12.29;533.14;0
12.3;533.14;0
12.31;533.14;0
12.32;533.14;0
12.33;533.14;0
12.34;533.14;0
12.35;533.14;0
12.36;533.14;0
12.37;533.14;0
12.38;533.14;0
12.39;533.14;0
12.4;533.14;0
12.41;533.14;0
12.42;533.14;0
12.43;850;100
12.44;533.14;0
12.45;533.14;0
12.46;533.14;0
12.47;533.14;0
12.48;533.14;0
12.49;533.14;0
12.5;533.14;0
12.51;533.14;0
12.52;533.14;0
12.53;533.14;0
12.54;533.14;0
12.55;533.14;0
12.56;533.14;0
12.57;533.14;0
12.58;533.14;0
12.59;533.14;0
12.6;533.14;0
12.61;533.14;0
12.62;533.14;0
12.63;533.14;0
12.64;533.14;0
12.65;533.14;0
12.66;533.14;0
12.67;850;100
12.68;850;100
12.69;850;100
12.7;533.14;0
12.71;533.14;0
12.72;533.14;0
12.73;533.14;0
12.74;533.14;0
12.75;533.14;0
12.76;533.14;0
12.77;850;100
12.78;850;100
12.79;533.14;0
12.8;533.14;0
12.81;533.14;0
12.82;850;100
12.83;850;100
12.84;533.14;0
12.85;533.14;0
12.86;533.14;0
12.87;533.14;0
12.88;533.14;0
12.89;533.14;0
12.9;533.14;0
12.91;533.14;0
12.92;533.14;0
12.93;533.14;0
12.94;533.14;0
12.95;533.14;0
12.96;533.14;0
12.97;533.14;0
12.98;533.14;0
12.99;533.14;0
13;533.14;0
13.01;533.14;0
13.02;533.14;0
13.03;533.14;0
13.04;533.14;0
13.05;533.14;0
13.06;533.14;0
13.07;533.14;0
13.08;533.14;0
13.09;533.14;0
13.1;533.14;0
13.11;533.14;0
13.12;533.14;0
13.13;533.14;0
13.14;533.14;0
13.15;533.14;0
13.16;533.14;0
13.17;533.14;0
13.18;533.14;0
13.19;533.14;0
13.2;533.14;0
13.21;573.78;0
13.22;573.78;0
13.23;573.78;0
13.24;573.78;0
13.25;573.78;0
13.26;573.78;0
13.27;573.78;0
13.28;573.78;0
13.29;573.78;0
13.3;573.78;0
13.31;573.78;0
13.32;573.78;0
13.33;573.78;0
13.34;573.78;0
13.35;573.78;0
13.36;573.78;0
13.37;573.78;0
13.38;573.78;0
13.39;573.78;0
13.4;573.78;0
13.41;573.78;0
13.42;573.78;0
13.43;573.78;0
13.44;573.78;0
13.45;573.78;0
13.46;573.78;0
13.47;573.78;0
13.48;573.78;0
13.49;573.78;0
13.5;573.78;0
13.51;573.78;0
13.52;573.78;0
13.53;573.78;0
13.54;573.78;0
13.55;573.78;0
13.56;573.78;0
13.57;573.78;0
13.58;573.78;0
13.59;573.78;0
13.6;573.78;0
13.61;573.78;0
13.62;573.78;0
13.63;573.78;0
13.64;573.78;0
13.65;573.78;0
13.66;573.78;0
13.67;573.78;0
13.68;573.78;0
13.69;573.78;0
13.7;573.78;0
13.71;573.78;0
13.72;573.78;0
13.73;573.78;0
13.74;850;100
13.75;573.78;0
13.76;573.78;0
13.77;573.78;0
13.78;573.78;0
13.79;573.78;0
13.8;850;100
13.81;573.78;0
13.82;573.78;0
13.83;573.78;0
13.84;573.78;0
13.85;573.78;0
13.86;573.78;0
13.87;573.78;0
13.88;573.78;0
13.89;573.78;0
13.9;573.78;0
13.91;573.78;0
13.92;573.78;0
13.93;573.78;0
13.94;573.78;0
13.95;573.78;0
13.96;573.78;0
13.97;573.78;0
13.98;573.78;0
13.99;573.78;0
14;573.78;0
14.01;573.78;0
14.02;573.78;0
14.03;573.78;0
14.04;573.78;0
14.05;573.78;0
14.06;573.78;0
14.07;573.78;0
14.08;573.78;0
14.09;573.78;0
14.1;573.78;0
14.11;573.78;0
14.12;573.78;0
14.13;573.78;0
14.14;573.78;0
14.15;573.78;0
14.16;573.78;0
14.17;573.78;0
14.18;573.78;0
14.19;573.78;0
14.2;573.78;0
14.21;573.78;0
14.22;573.78;0
14.23;573.78;0
14.24;573.78;0
14.25;573.78;0
14.26;573.78;0
14.27;573.78;0
14.28;573.78;0
14.29;573.78;0
14.3;573.78;0
14.31;573.78;0
14.32;561.24;0
14.33;561.24;0
14.34;561.24;0
14.35;561.24;0
14.36;561.24;0
14.37;561.24;0
14.38;561.24;0
14.39;561.24;0
14.4;561.24;0
14.41;561.24;0
14.42;561.24;0
14.43;561.24;0
14.44;561.24;0
14.45;561.24;0
14.46;561.24;0
14.47;561.24;0
14.48;561.24;0
14.49;561.24;0
14.5;561.24;0
14.51;561.24;0
14.52;561.24;0
14.53;561.24;0
14.54;561.24;0
14.55;561.24;0
14.56;561.24;0
14.57;561.24;0
14.58;561.24;0
14.59;850;100
14.6;850;100
14.61;561.24;0
14.62;561.24;0
14.63;561.24;0
14.64;561.24;0
14.65;561.24;0
14.66;561.24;0
14.67;850;100
14.68;561.24;0
14.69;561.24;0
14.7;561.24;0
14.71;561.24;0
14.72;561.24;0
14.73;561.24;0
14.74;561.24;0
14.75;561.24;0
14.76;561.24;0
14.77;561.24;0
14.78;561.24;0
14.79;561.24;0
14.8;561.24;0
14.81;561.24;0
14.82;561.24;0
14.83;561.24;0
14.84;561.24;0
14.85;561.24;0
14.86;561.24;0
14.87;561.24;0
14.88;561.24;0
14.89;561.24;0
14.9;561.24;0
14.91;561.24;0
14.92;561.24;0
14.93;561.24;0
14.94;561.24;0
14.95;561.24;0
14.96;561.24;0
14.97;561.24;0
14.98;561.24;0
14.99;561.24;0
15;561.24;0
15.01;561.24;0
15.02;561.24;0
15.03;561.24;0
15.04;561.24;0
15.05;561.24;0
15.06;561.24;0
15.07;561.24;0
15.08;561.24;0
15.09;561.24;0
15.1;561.24;0
15.11;561.24;0
15.12;561.24;0
15.13;561.24;0
15.14;561.24;0
15.15;561.24;0
15.16;561.24;0
15.17;561.24;0
15.18;561.24;0
15.19;850;100
15.2;561.24;0
15.21;561.24;0
15.22;561.24;0
15.23;561.24;0
15.24;561.24;0
15.25;561.24;0
15.26;561.24;0
15.27;850;100
15.28;850;100
15.29;850;100
15.3;850;100
15.31;850;100
15.32;850;100
15.33;850;100
15.34;850;100
15.35;850;100
15.36;850;100
15.37;850;100
15.38;573.86;0
15.39;573.86;0
15.4;573.86;0
15.41;573.86;0
15.42;573.86;0
15.43;573.86;0
15.44;573.86;0
15.45;573.86;0
15.46;573.86;0
15.47;573.86;0
15.48;573.86;0
15.49;573.86;0
15.5;573.86;0
15.51;573.86;0
15.52;573.86;0
15.53;573.86;0
15.54;573.86;0
15.55;573.86;0
15.56;573.86;0
15.57;573.86;0
15.58;573.86;0
15.59;573.86;0
15.6;573.86;0
15.61;573.86;0
15.62;573.86;0
15.63;573.86;0
15.64;573.86;0
15.65;573.86;0
15.66;573.86;0
15.67;573.86;0
15.68;573.86;0
15.69;573.86;0
15.7;573.86;0
15.71;573.86;0
15.72;573.86;0
15.73;573.86;0
15.74;573.86;0
15.75;573.86;0
15.76;573.86;0
15.77;573.86;0
15.78;573.86;0
15.79;573.86;0
15.8;573.86;0
15.81;573.86;0
15.82;573.86;0
15.83;573.86;0
15.84;573.86;0
15.85;573.86;0
15.86;573.86;0
15.87;573.86;0
15.88;573.86;0
15.89;573.86;0
15.9;573.86;0
15.91;573.86;0
15.92;573.86;0
15.93;573.86;0
15.94;573.86;0
15.95;573.86;0
15.96;573.86;0
15.97;573.86;0
15.98;573.86;0
15.99;573.86;0
16;573.86;0
16.01;573.86;0
16.02;573.86;0
16.03;573.86;0
16.04;573.86;0
16.05;573.86;0
16.06;573.86;0
16.07;573.86;0
16.08;573.86;0
16.09;573.86;0
16.1;573.86;0
16.11;573.86;0
16.12;573.86;0
16.13;573.86;0
16.14;573.86;0
16.15;573.86;0
16.16;573.86;0
16.17;573.86;0
16.18;573.86;0
16.19;573.86;0
16.2;573.86;0
16.21;573.86;0
16.22;573.86;0
16.23;573.86;0
16.24;573.86;0
16.25;573.86;0
16.26;573.86;0
16.27;573.86;0
16.28;573.86;0
16.29;573.86;0
16.3;573.86;0
16.31;573.86;0
16.32;573.86;0
16.33;573.86;0
16.34;573.86;0
16.35;573.86;0
16.36;573.86;0
16.37;573.86;0
16.38;573.86;0
16.39;573.86;0
16.4;573.86;0
16.41;573.86;0
16.42;573.86;0
16.43;593.03;0
16.44;593.03;0
16.45;593.03;0
16.46;593.03;0
16.47;593.03;0
16.48;593.03;0
16.49;593.03;0
16.5;593.03;0
16.51;593.03;0
16.52;593.03;0
16.53;593.03;0
16.54;593.03;0
16.55;593.03;0
16.56;593.03;0
16.57;593.03;0
16.58;593.03;0
16.59;593.03;0
16.6;593.03;0
16.61;593.03;0
16.62;593.03;0
16.63;593.03;0
16.64;593.03;0
16.65;593.03;0
16.66;593.03;0
16.67;593.03;0
16.68;593.03;0
16.69;593.03;0
16.7;593.03;0
16.71;593.03;0
16.72;593.03;0
16.73;593.03;0
16.74;593.03;0
16.75;593.03;0
16.76;593.03;0
16.77;593.03;0
16.78;593.03;0
16.79;593.03;0
16.8;593.03;0
16.81;593.03;0
16.82;593.03;0
16.83;593.03;0
16.84;593.03;0
16.85;593.03;0
16.86;593.03;0
16.87;593.03;0
16.88;593.03;0
16.89;593.03;0
16.9;593.03;0
16.91;593.03;0
16.92;593.03;0
16.93;593.03;0
16.94;593.03;0
16.95;593.03;0
16.96;593.03;0
16.97;593.03;0
16.98;593.03;0
16.99;593.03;0
17;593.03;0
17.01;593.03;0
17.02;593.03;0
17.03;593.03;0
17.04;593.03;0
17.05;593.03;0
17.06;593.03;0
17.07;593.03;0
17.08;593.03;0
17.09;593.03;0
17.1;593.03;0
17.11;593.03;0
17.12;593.03;0
17.13;593.03;0
17.14;593.03;0
17.15;593.03;0
17.16;593.03;0
17.17;593.03;0
17.18;593.03;0
17.19;593.03;0
17.2;593.03;0
17.21;593.03;0
17.22;593.03;0
17.23;593.03;0
17.24;593.03;0
17.25;593.03;0
17.26;593.03;0
17.27;593.03;0
17.28;593.03;0
17.29;593.03;0
17.3;593.03;0
17.31;850;100
17.32;850;100
17.33;593.03;0
17.34;593.03;0
17.35;593.03;0
17.36;593.03;0
17.37;593.03;0
17.38;593.03;0
17.39;593.03;0
17.4;593.03;0
17.41;593.03;0
17.42;593.03;0
17.43;593.03;0
17.44;593.03;0
17.45;593.03;0
17.46;593.03;0
17.47;593.03;0
17.48;561.95;0
17.49;561.95;0
17.5;561.95;0
17.51;561.95;0
17.52;561.95;0
17.53;561.95;0
17.54;561.95;0
17.55;850;100
17.56;850;100
17.57;850;100
17.58;561.95;0
17.59;561.95;0
17.6;561.95;0
17.61;561.95;0
17.62;561.95;0
17.63;850;100
17.64;561.95;0
17.65;561.95;0
17.66;561.95;0
17.67;561.95;0
17.68;561.95;0
17.69;850;100
17.7;850;100
17.71;561.95;0
17.72;561.95;0
17.73;561.95;0
17.74;561.95;0
17.75;561.95;0
17.76;561.95;0
17.77;561.95;0
17.78;561.95;0
17.79;561.95;0
17.8;561.95;0
17.81;850;100
17.82;850;100
17.83;561.95;0
17.84;561.95;0
17.85;561.95;0
17.86;561.95;0
17.87;561.95;0
17.88;561.95;0
17.89;561.95;0
17.9;850;100
17.91;850;100
17.92;561.95;0
17.93;561.95;0
17.94;561.95;0
17.95;561.95;0
17.96;561.95;0
17.97;561.95;0
17.98;561.95;0
17.99;561.95;0
18;561.95;0
18.01;561.95;0
18.02;561.95;0
18.03;561.95;0
18.04;561.95;0
18.05;561.95;0
18.06;561.95;0
18.07;561.95;0
18.08;561.95;0
18.09;561.95;0
18.1;561.95;0
18.11;561.95;0
18.12;561.95;0
18.13;850;100
18.14;850;100
18.15;561.95;0
18.16;561.95;0
18.17;561.95;0
18.18;561.95;0
18.19;561.95;0
18.2;561.95;0
18.21;561.95;0
18.22;561.95;0
18.23;561.95;0
18.24;561.95;0
18.25;561.95;0
18.26;561.95;0
18.27;561.95;0
18.28;561.95;0
18.29;561.95;0
18.3;561.95;0
18.31;561.95;0
18.32;561.95;0
18.33;561.95;0
18.34;561.95;0
18.35;561.95;0
18.36;561.95;0
18.37;561.95;0
18.38;561.95;0
18.39;561.95;0
18.4;561.95;0
18.41;561.95;0
18.42;561.95;0
18.43;561.95;0
18.44;561.95;0
18.45;561.95;0
18.46;561.95;0
18.47;561.95;0
18.48;561.95;0
18.49;561.95;0
18.5;561.95;0
18.51;561.95;0
18.52;561.95;0
18.53;561.95;0
18.54;561.95;0
18.55;561.95;0
