depth_cm;density_kgm-1
0.01;305.84
0.02;305.84
0.03;305.84
0.04;305.84
0.05;305.84
0.06;305.84
0.07;305.84
0.08;305.84
0.09;305.84
0.1;305.84
0.11;305.84
0.12;305.84
0.13;305.84
0.14;305.84
0.15;305.84
0.16;305.84
0.17;305.84
0.18;305.84
0.19;305.84
0.2;305.84
0.21;305.84
0.22;305.84
0.23;305.84
0.24;305.84
0.25;305.84
0.26;305.84
0.27;305.84
0.28;305.84
0.29;305.84
0.3;305.84
0.31;305.84
0.32;305.84
0.33;305.84
0.34;305.84
0.35;305.84
0.36;305.84
0.37;305.84
0.38;305.84
0.39;305.84
0.4;305.84
0.41;305.84
0.42;305.84
0.43;305.84
0.44;305.84
0.45;305.84
0.46;305.84
0.47;305.84
0.48;305.84
0.49;301.57
0.5;301.57
0.51;301.57
0.52;301.57
0.53;301.57
0.54;301.57
0.55;301.57
0.56;301.57
0.57;301.57
0.58;301.57
0.59;301.57
0.6;301.57
0.61;301.57
0.62;301.57
0.63;301.57
0.64;301.57
0.65;301.57
0.66;301.57
0.67;301.57
0.68;301.57
0.69;301.57
0.7;301.57
0.71;301.57
0.72;301.57
0.73;301.57
0.74;301.57
0.75;301.57
0.76;301.57
0.77;301.57
0.78;301.57
0.79;301.57
0.8;301.57
0.81;301.57
0.82;301.57
0.83;301.57
0.84;301.57
0.85;301.57
0.86;301.57
0.87;301.57
0.88;301.57
0.89;301.57
0.9;301.57
0.91;301.57
0.92;301.57
0.93;301.57
0.94;301.57
0.95;301.57
0.96;301.57
0.97;301.57
0.98;301.57
0.99;301.57
1;301.57
1.01;301.57
1.02;301.57
1.03;276.64
1.04;276.64
1.05;276.64
1.06;276.64
1.07;276.64
1.08;276.64
1.09;276.64
1.1;276.64
1.11;276.64
1.12;276.64
1.13;276.64
1.14;276.64
1.15;276.64
1.16;276.64
1.17;276.64
1.18;276.64
1.19;276.64
1.2;276.64
1.21;276.64
1.22;276.64
1.23;276.64
1.24;276.64
1.25;276.64
1.26;276.64
1.27;276.64
1.28;276.64
1.29;276.64
1.3;276.64
1.31;276.64
1.32;276.64
1.33;276.64
1.34;276.64
1.35;276.64
1.36;276.64
1.37;276.64
1.38;276.64
1.39;276.64
1.4;276.64
1.41;276.64
1.42;276.64
1.43;276.64
1.44;276.64
1.45;276.64
1.46;276.64
1.47;276.64
1.48;276.64
1.49;276.64
1.5;850
1.51;850
1.52;850
1.53;850
1.54;850
1.55;850
1.56;850
1.57;850
1.58;850
1.59;850
1.6;392.09
1.61;392.09
1.62;392.09
1.63;392.09
1.64;392.09
1.65;392.09
1.66;392.09
1.67;392.09
1.68;392.09
1.69;392.09
1.7;392.09
1.71;392.09
1.72;392.09
1.73;392.09
1.74;392.09
1.75;392.09
1.76;392.09
1.77;392.09
1.78;392.09
1.79;392.09
1.8;392.09
1.81;392.09
1.82;392.09
1.83;392.09
1.84;392.09
1.85;392.09
1.86;392.09
1.87;392.09
1.88;392.09
1.89;392.09
1.9;392.09
1.91;392.09
1.92;392.09
1.93;392.09
1.94;392.09
1.95;392.09
1.96;392.09
1.97;392.09
1.98;392.09
1.99;392.09
2;392.09
2.01;392.09
2.02;392.09
2.03;850
2.04;850
2.05;392.09
2.06;392.09
2.07;392.09
2.08;392.09
2.09;392.09
2.1;392.09
2.11;392.09
2.12;424.03
2.13;424.03
2.14;424.03
2.15;424.03
2.16;424.03
2.17;424.03
2.18;424.03
2.19;424.03
2.2;850
2.21;850
2.22;850
2.23;424.03
2.24;424.03
2.25;424.03
2.26;424.03
2.27;424.03
2.28;424.03
2.29;424.03
2.3;424.03
2.31;424.03
2.32;424.03
2.33;424.03
2.34;424.03
2.35;424.03
2.36;424.03
2.37;424.03
2.38;424.03
2.39;424.03
2.4;424.03
2.41;424.03
2.42;424.03
2.43;424.03
2.44;424.03
2.45;424.03
2.46;424.03
2.47;424.03
2.48;424.03
2.49;424.03
2.5;424.03
2.51;424.03
2.52;424.03
2.53;424.03
2.54;424.03
2.55;424.03
2.56;424.03
2.57;424.03
2.58;424.03
2.59;424.03
2.6;424.03
2.61;424.03
2.62;424.03
2.63;424.03
2.64;424.03
2.65;424.03
2.66;424.03
2.67;424.03
2.68;424.03
2.69;424.03
2.7;424.03
2.71;424.03
2.72;424.03
2.73;424.03
2.74;424.03
2.75;424.03
2.76;424.03
2.77;424.03
2.78;424.03
2.79;424.03
2.8;424.03
2.81;424.03
2.82;424.03
2.83;424.03
2.84;424.03
2.85;424.03
2.86;424.03
2.87;424.03
2.88;424.03
2.89;424.03
2.9;424.03
2.91;424.03
2.92;424.03
2.93;424.03
2.94;424.03
2.95;424.03
2.96;424.03
2.97;424.03
2.98;424.03
2.99;506.91
3;506.91
3.01;506.91
3.02;506.91
3.03;506.91
3.04;506.91
3.05;506.91
3.06;506.91
3.07;506.91
3.08;506.91
3.09;506.91
3.1;506.91
3.11;506.91
3.12;506.91
3.13;506.91
3.14;506.91
3.15;506.91
3.16;506.91
3.17;506.91
3.18;506.91
3.19;506.91
3.2;506.91
3.21;506.91
3.22;506.91
3.23;506.91
3.24;506.91
3.25;506.91
3.26;506.91
3.27;506.91
3.28;506.91
3.29;506.91
3.3;506.91
3.31;506.91
3.32;506.91
3.33;506.91
3.34;506.91
3.35;506.91
3.36;506.91
3.37;506.91
3.38;506.91
3.39;506.91
3.4;506.91
3.41;506.91
3.42;506.91
3.43;506.91
3.44;506.91
3.45;506.91
3.46;506.91
3.47;506.91
3.48;506.91
3.49;506.91
3.5;506.91
3.51;506.91
3.52;506.91
3.53;506.91
3.54;506.91
3.55;506.91
3.56;506.91
3.57;506.91
3.58;506.91
3.59;506.91
3.6;506.91
3.61;506.91
3.62;506.91
3.63;506.91
3.64;506.91
3.65;506.91
3.66;506.91
3.67;506.91
3.68;506.91
3.69;506.91
3.7;506.91
3.71;506.91
3.72;506.91
3.73;506.91
3.74;506.91
3.75;506.91
3.76;506.91
3.77;506.91
3.78;506.91
3.79;506.91
3.8;506.91
3.81;506.91
3.82;506.91
3.83;506.91
3.84;506.91
3.85;506.91
3.86;506.91
3.87;506.91
3.88;506.91
3.89;506.91
3.9;506.91
3.91;506.91
3.92;506.91
3.93;506.91
3.94;506.91
3.95;418.89
3.96;418.89
3.97;418.89
3.98;418.89
3.99;418.89
4;418.89
4.01;418.89
4.02;418.89
4.03;418.89
4.04;418.89
4.05;418.89
4.06;418.89
4.07;418.89
4.08;418.89
4.09;418.89
4.1;418.89
4.11;418.89
4.12;418.89
4.13;418.89
4.14;418.89
4.15;418.89
4.16;418.89
4.17;418.89
4.18;418.89
4.19;850
4.2;850
4.21;850
4.22;850
4.23;850
4.24;850
4.25;418.89
4.26;418.89
4.27;418.89
4.28;418.89
4.29;418.89
4.3;418.89
4.31;418.89
4.32;440.01
4.33;440.01
4.34;440.01
4.35;850
4.36;850
4.37;850
4.38;440.01
4.39;440.01
4.4;440.01
4.41;440.01
4.42;440.01
4.43;440.01
4.44;440.01
4.45;440.01
4.46;440.01
4.47;440.01
4.48;440.01
4.49;440.01
4.5;440.01
4.51;440.01
4.52;440.01
4.53;440.01
4.54;440.01
4.55;440.01
4.56;440.01
4.57;440.01
4.58;440.01
4.59;440.01
4.6;440.01
4.61;440.01
4.62;440.01
4.63;440.01
4.64;440.01
4.65;440.01
4.66;440.01
4.67;440.01
4.68;440.01
4.69;440.01
4.7;440.01
4.71;440.01
4.72;440.01
4.73;440.01
4.74;440.01
4.75;440.01
4.76;850
4.77;850
4.78;850
4.79;440.01
4.8;440.01
4.81;440.01
4.82;440.01
4.83;850
4.84;850
4.85;440.01
4.86;440.01
4.87;440.01
4.88;440.01
4.89;440.01
4.9;440.01
4.91;440.01
4.92;440.01
4.93;440.01
4.94;440.01
4.95;440.01
4.96;440.01
4.97;440.01
4.98;440.01
4.99;440.01
5;440.01
5.01;440.01
5.02;440.01
5.03;440.01
5.04;495.08
5.05;495.08
5.06;495.08
5.07;495.08
5.08;495.08
5.09;495.08
5.1;495.08
5.11;495.08
5.12;495.08
5.13;495.08
5.14;495.08
5.15;495.08
5.16;495.08
5.17;495.08
5.18;495.08
5.19;495.08
5.2;495.08
5.21;495.08
5.22;495.08
5.23;495.08
5.24;495.08
5.25;495.08
5.26;495.08
5.27;495.08
5.28;495.08
5.29;495.08
5.3;495.08
5.31;495.08
5.32;495.08
5.33;495.08
5.34;495.08
5.35;495.08
5.36;495.08
5.37;495.08
5.38;495.08
5.39;495.08
5.4;495.08
5.41;495.08
5.42;495.08
5.43;495.08
5.44;495.08
5.45;495.08
5.46;495.08
5.47;495.08
5.48;495.08
5.49;495.08
5.5;495.08
5.51;495.08
5.52;495.08
5.53;495.08
5.54;495.08
5.55;495.08
5.56;495.08
5.57;495.08
5.58;495.08
5.59;495.08
5.6;495.08
5.61;495.08
5.62;495.08
5.63;495.08
5.64;495.08
5.65;495.08
5.66;495.08
5.67;495.08
5.68;495.08
5.69;495.08
5.7;495.08
5.71;495.08
5.72;495.08
5.73;495.08
5.74;495.08
5.75;495.08
5.76;495.08
5.77;495.08
5.78;495.08
5.79;495.08
5.8;495.08
5.81;495.08
5.82;495.08
5.83;495.08
5.84;495.08
5.85;495.08
5.86;495.08
5.87;495.08
5.88;495.08
5.89;495.08
5.9;495.08
5.91;495.08
5.92;495.08
5.93;495.08
5.94;495.08
5.95;495.08
5.96;495.08
5.97;495.08
5.98;495.08
5.99;495.08
6;495.08
6.01;495.08
6.02;495.08
6.03;495.08
6.04;495.08
6.05;495.08
6.06;495.08
6.07;495.08
6.08;495.08
6.09;500.05
6.1;500.05
6.11;500.05
6.12;500.05
6.13;500.05
6.14;500.05
6.15;500.05
6.16;500.05
6.17;500.05
6.18;500.05
6.19;500.05
6.2;500.05
6.21;500.05
6.22;500.05
6.23;500.05
6.24;500.05
6.25;500.05
6.26;500.05
6.27;500.05
6.28;500.05
6.29;500.05
6.3;500.05
6.31;500.05
6.32;500.05
6.33;500.05
6.34;500.05
6.35;500.05
6.36;500.05
6.37;500.05
6.38;500.05
6.39;500.05
6.4;500.05
6.41;500.05
6.42;500.05
6.43;500.05
6.44;500.05
6.45;500.05
6.46;500.05
6.47;500.05
6.48;500.05
6.49;500.05
6.5;500.05
6.51;500.05
6.52;500.05
6.53;500.05
6.54;500.05
6.55;500.05
6.56;500.05
6.57;500.05
6.58;500.05
6.59;500.05
6.6;500.05
6.61;500.05
6.62;500.05
6.63;500.05
6.64;500.05
6.65;500.05
6.66;500.05
6.67;500.05
6.68;500.05
6.69;500.05
6.7;500.05
6.71;500.05
6.72;500.05
6.73;500.05
6.74;500.05
6.75;500.05
6.76;500.05
6.77;500.05
6.78;500.05
6.79;500.05
6.8;500.05
6.81;500.05
6.82;500.05
6.83;500.05
6.84;500.05
6.85;500.05
6.86;500.05
6.87;527.45
6.88;527.45
6.89;527.45
6.9;527.45
6.91;527.45
6.92;527.45
6.93;527.45
6.94;527.45
6.95;527.45
6.96;527.45
6.97;527.45
6.98;527.45
6.99;527.45
7;527.45
7.01;527.45
7.02;527.45
7.03;527.45
7.04;527.45
7.05;527.45
7.06;527.45
7.07;527.45
7.08;527.45
7.09;527.45
7.1;527.45
7.11;527.45
7.12;527.45
7.13;527.45
7.14;527.45
7.15;527.45
7.16;527.45
7.17;527.45
7.18;527.45
7.19;527.45
7.2;527.45
7.21;527.45
7.22;527.45
7.23;527.45
7.24;527.45
7.25;527.45
7.26;527.45
7.27;527.45
7.28;527.45
7.29;527.45
7.3;527.45
7.31;527.45
7.32;527.45
7.33;527.45
7.34;527.45
7.35;527.45
7.36;527.45
7.37;527.45
7.38;527.45
7.39;527.45
7.4;527.45
7.41;527.45
7.42;527.45
7.43;527.45
7.44;527.45
7.45;527.45
7.46;527.45
7.47;527.45
7.48;527.45
7.49;527.45
7.5;527.45
7.51;527.45
7.52;527.45
7.53;527.45
7.54;527.45
7.55;527.45
7.56;527.45
7.57;527.45
7.58;527.45
7.59;527.45
7.6;527.45
7.61;527.45
7.62;527.45
7.63;527.45
7.64;527.45
7.65;527.45
7.66;527.45
7.67;527.45
7.68;527.45
7.69;527.45
7.7;527.45
7.71;527.45
7.72;527.45
7.73;546.12
7.74;546.12
7.75;546.12
7.76;546.12
7.77;546.12
7.78;546.12
7.79;546.12
7.8;546.12
7.81;546.12
7.82;546.12
7.83;546.12
7.84;546.12
7.85;546.12
7.86;546.12
7.87;546.12
7.88;546.12
7.89;546.12
7.9;546.12
7.91;546.12
7.92;546.12
7.93;546.12
7.94;546.12
7.95;546.12
7.96;546.12
7.97;546.12
7.98;546.12
7.99;546.12
8;546.12
8.01;546.12
8.02;546.12
8.03;546.12
8.04;546.12
8.05;546.12
8.06;546.12
8.07;546.12
8.08;546.12
8.09;546.12
8.1;546.12
8.11;546.12
8.12;546.12
8.13;546.12
8.14;546.12
8.15;546.12
8.16;546.12
8.17;546.12
8.18;546.12
8.19;546.12
8.2;546.12
8.21;546.12
8.22;546.12
8.23;546.12
8.24;546.12
8.25;546.12
8.26;546.12
8.27;546.12
8.28;546.12
8.29;546.12
8.3;546.12
8.31;546.12
8.32;546.12
8.33;546.12
8.34;546.12
8.35;546.12
8.36;546.12
8.37;546.12
8.38;546.12
8.39;546.12
8.4;546.12
8.41;546.12
8.42;546.12
8.43;546.12
8.44;546.12
8.45;546.12
8.46;546.12
8.47;546.12
8.48;546.12
8.49;546.12
8.5;546.12
8.51;546.12
8.52;546.12
8.53;546.12
8.54;475.4
8.55;475.4
8.56;475.4
8.57;475.4
8.58;475.4
8.59;475.4
8.6;475.4
8.61;475.4
8.62;475.4
8.63;475.4
8.64;475.4
8.65;475.4
8.66;475.4
8.67;475.4
8.68;475.4
8.69;475.4
8.7;475.4
8.71;475.4
8.72;475.4
8.73;475.4
8.74;475.4
8.75;475.4
8.76;475.4
8.77;475.4
8.78;475.4
8.79;475.4
8.8;475.4
8.81;475.4
8.82;475.4
8.83;475.4
8.84;475.4
8.85;475.4
8.86;475.4
8.87;475.4
8.88;475.4
8.89;475.4
8.9;475.4
8.91;475.4
8.92;475.4
8.93;475.4
8.94;475.4
8.95;475.4
8.96;475.4
8.97;475.4
8.98;475.4
8.99;475.4
9;475.4
9.01;475.4
9.02;475.4
9.03;850
9.04;850
9.05;850
9.06;850
9.07;850
9.08;850
9.09;850
9.1;850
9.11;475.4
9.12;475.4
9.13;475.4
9.14;475.4
9.15;475.4
9.16;475.4
9.17;475.4
9.18;475.4
9.19;850
9.2;475.4
9.21;475.4
9.22;475.4
9.23;475.4
9.24;475.4
9.25;850
9.26;850
9.27;850
9.28;475.4
9.29;475.4
9.3;475.4
9.31;475.4
9.32;475.4
9.33;475.4
9.34;475.4
9.35;475.4
9.36;475.4
9.37;475.4
9.38;475.4
9.39;475.4
9.4;475.4
9.41;475.4
9.42;475.4
9.43;547.58
9.44;547.58
9.45;547.58
9.46;547.58
9.47;547.58
9.48;547.58
9.49;547.58
9.5;547.58
9.51;547.58
9.52;547.58
9.53;547.58
9.54;547.58
9.55;547.58
9.56;547.58
9.57;547.58
9.58;547.58
9.59;547.58
9.6;547.58
9.61;547.58
9.62;547.58
9.63;547.58
9.64;547.58
9.65;547.58
9.66;547.58
9.67;547.58
9.68;547.58
9.69;547.58
9.7;547.58
9.71;547.58
9.72;547.58
9.73;547.58
9.74;547.58
9.75;547.58
9.76;547.58
9.77;547.58
9.78;547.58
9.79;547.58
9.8;547.58
9.81;547.58
9.82;547.58
9.83;547.58
9.84;547.58
9.85;547.58
9.86;547.58
9.87;547.58
9.88;547.58
9.89;547.58
9.9;547.58
9.91;547.58
9.92;547.58
9.93;547.58
9.94;547.58
9.95;547.58
9.96;547.58
9.97;547.58
9.98;547.58
9.99;547.58
10;547.58
10.01;547.58
10.02;547.58
10.03;547.58
10.04;547.58
10.05;547.58
10.06;547.58
10.07;547.58
10.08;547.58
10.09;547.58
10.1;547.58
10.11;547.58
10.12;547.58
10.13;547.58
10.14;547.58
10.15;547.58
10.16;547.58
10.17;547.58
10.18;547.58
10.19;547.58
10.2;547.58
10.21;547.58
10.22;547.58
10.23;547.58
10.24;547.58
10.25;547.58
10.26;547.58
10.27;547.58
10.28;547.58
10.29;547.58
10.3;547.58
10.31;547.58
10.32;547.58
10.33;547.58
10.34;547.58
10.35;547.58
10.36;850
10.37;850
10.38;850
10.39;538.2
10.4;538.2
10.41;538.2
10.42;538.2
10.43;538.2
10.44;538.2
10.45;538.2
10.46;538.2
10.47;538.2
10.48;538.2
10.49;538.2
10.5;538.2
10.51;538.2
10.52;538.2
10.53;538.2
10.54;538.2
10.55;538.2
10.56;538.2
10.57;538.2
10.58;538.2
10.59;538.2
10.6;538.2
10.61;538.2
10.62;538.2
10.63;538.2
10.64;538.2
10.65;538.2
10.66;538.2
10.67;538.2
10.68;538.2
10.69;538.2
10.7;538.2
10.71;538.2
10.72;538.2
10.73;538.2
10.74;538.2
10.75;538.2
10.76;538.2
10.77;538.2
10.78;538.2
10.79;538.2
10.8;538.2
10.81;538.2
10.82;538.2
10.83;538.2
10.84;538.2
10.85;538.2
10.86;538.2
10.87;538.2
10.88;538.2
10.89;538.2
10.9;538.2
10.91;538.2
10.92;538.2
10.93;538.2
10.94;538.2
10.95;538.2
10.96;538.2
10.97;538.2
10.98;538.2
10.99;538.2
11;538.2
11.01;538.2
11.02;538.2
11.03;538.2
11.04;538.2
11.05;538.2
11.06;538.2
11.07;538.2
11.08;538.2
11.09;538.2
11.1;538.2
11.11;538.2
11.12;538.2
11.13;538.2
11.14;538.2
11.15;538.2
11.16;538.2
11.17;538.2
11.18;538.2
11.19;538.2
11.2;498.55
11.21;498.55
11.22;498.55
11.23;498.55
11.24;498.55
11.25;498.55
11.26;498.55
11.27;498.55
11.28;498.55
11.29;498.55
11.3;498.55
11.31;498.55
11.32;498.55
11.33;498.55
11.34;498.55
11.35;498.55
11.36;498.55
11.37;498.55
11.38;498.55
11.39;498.55
11.4;498.55
11.41;498.55
11.42;498.55
11.43;498.55
11.44;498.55
11.45;498.55
11.46;498.55
11.47;498.55
11.48;498.55
11.49;498.55
11.5;498.55
11.51;498.55
11.52;498.55
11.53;498.55
11.54;498.55
11.55;498.55
11.56;498.55
11.57;498.55
11.58;850
11.59;850
11.6;498.55
11.61;498.55
11.62;498.55
11.63;498.55
11.64;498.55
11.65;498.55
11.66;498.55
11.67;850
11.68;850
11.69;850
11.7;850
11.71;850
11.72;498.55
11.73;498.55
11.74;498.55
11.75;498.55
11.76;498.55
11.77;498.55
11.78;498.55
11.79;850
11.8;850
11.81;850
11.82;498.55
11.83;498.55
11.84;498.55
11.85;498.55
11.86;498.55
11.87;498.55
11.88;850
11.89;498.55
11.9;498.55
11.91;498.55
11.92;498.55
11.93;498.55
11.94;498.55
11.95;498.55
11.96;498.55
11.97;498.55
11.98;498.55
11.99;498.55
12;498.55
12.01;498.55
12.02;498.55
12.03;498.55
12.04;498.55
12.05;850
12.06;542.55
12.07;542.55
12.08;542.55
12.09;542.55
12.1;542.55
12.11;542.55
12.12;542.55
12.13;542.55
12.14;542.55
12.15;542.55
12.16;542.55
12.17;542.55
12.18;542.55
12.19;542.55
12.2;542.55
12.21;542.55
12.22;542.55
12.23;542.55
12.24;542.55
12.25;542.55
12.26;542.55
12.27;542.55
12.28;542.55
12.29;542.55
12.3;542.55
12.31;542.55
12.32;542.55
12.33;542.55
12.34;542.55
12.35;542.55
12.36;542.55
12.37;542.55
12.38;542.55
12.39;542.55
12.4;542.55
12.41;542.55
12.42;542.55
12.43;542.55
12.44;850
12.45;542.55
12.46;542.55
12.47;542.55
12.48;542.55
12.49;542.55
12.5;542.55
12.51;542.55
12.52;542.55
12.53;542.55
12.54;542.55
12.55;542.55
12.56;542.55
12.57;542.55
12.58;850
12.59;542.55
12.6;542.55
12.61;542.55
12.62;542.55
12.63;542.55
12.64;542.55
12.65;542.55
12.66;542.55
12.67;542.55
12.68;542.55
12.69;542.55
12.7;542.55
12.71;542.55
12.72;542.55
12.73;542.55
12.74;542.55
12.75;542.55
12.76;542.55
12.77;850
12.78;542.55
12.79;542.55
12.8;542.55
12.81;542.55
12.82;542.55
12.83;542.55
12.84;542.55
12.85;542.55
12.86;542.55
12.87;542.55
12.88;542.55
12.89;542.55
12.9;542.55
12.91;542.55
12.92;542.55
12.93;542.55
12.94;542.55
12.95;542.55
12.96;542.55
12.97;542.55
12.98;542.55
12.99;542.55
13;850
13.01;538.76
13.02;538.76
13.03;538.76
13.04;538.76
13.05;538.76
13.06;538.76
13.07;538.76
13.08;538.76
13.09;538.76
13.1;538.76
13.11;538.76
13.12;538.76
13.13;538.76
13.14;538.76
13.15;538.76
13.16;538.76
13.17;538.76
13.18;538.76
13.19;538.76
13.2;538.76
13.21;538.76
13.22;538.76
13.23;538.76
13.24;538.76
13.25;538.76
13.26;538.76
13.27;538.76
13.28;538.76
13.29;538.76
13.3;538.76
13.31;538.76
13.32;538.76
13.33;538.76
13.34;538.76
13.35;538.76
13.36;538.76
13.37;538.76
13.38;538.76
13.39;538.76
13.4;538.76
13.41;538.76
13.42;538.76
13.43;538.76
13.44;538.76
13.45;538.76
13.46;538.76
13.47;538.76
13.48;850
13.49;850
13.5;850
13.51;850
13.52;850
13.53;538.76
13.54;538.76
13.55;538.76
13.56;538.76
13.57;538.76
13.58;538.76
13.59;538.76
13.6;538.76
13.61;538.76
13.62;538.76
13.63;850
13.64;850
13.65;850
13.66;555.24
13.67;555.24
13.68;555.24
13.69;555.24
13.7;555.24
13.71;555.24
13.72;555.24
13.73;555.24
13.74;555.24
13.75;555.24
13.76;555.24
13.77;555.24
13.78;555.24
13.79;850
13.8;850
13.81;555.24
13.82;555.24
13.83;555.24
13.84;555.24
13.85;555.24
13.86;555.24
13.87;555.24
13.88;555.24
13.89;555.24
13.9;555.24
13.91;555.24
13.92;555.24
13.93;555.24
13.94;555.24
13.95;555.24
13.96;555.24
13.97;555.24
13.98;555.24
13.99;555.24
14;555.24
14.01;555.24
14.02;555.24
14.03;555.24
14.04;555.24
14.05;555.24
14.06;555.24
14.07;555.24
14.08;555.24
14.09;555.24
14.1;555.24
14.11;555.24
14.12;555.24
14.13;555.24
14.14;555.24
14.15;555.24
14.16;555.24
14.17;555.24
14.18;555.24
14.19;555.24
14.2;555.24
14.21;555.24
14.22;555.24
14.23;555.24
14.24;555.24
14.25;555.24
14.26;555.24
14.27;555.24
14.28;555.24
14.29;589.07
14.3;589.07
14.31;589.07
14.32;589.07
14.33;589.07
14.34;589.07
14.35;589.07
14.36;589.07
14.37;589.07
14.38;589.07
14.39;589.07
14.4;589.07
14.41;589.07
14.42;589.07
14.43;589.07
14.44;589.07
14.45;589.07
14.46;589.07
14.47;589.07
14.48;589.07
14.49;589.07
14.5;589.07
14.51;589.07
14.52;589.07
14.53;589.07
14.54;589.07
14.55;589.07
14.56;589.07
14.57;589.07
14.58;589.07
14.59;589.07
14.6;589.07
14.61;589.07
14.62;589.07
14.63;589.07
14.64;589.07
14.65;589.07
14.66;589.07
14.67;589.07
14.68;589.07
14.69;589.07
14.7;570.3
14.71;570.3
14.72;570.3
14.73;570.3
14.74;570.3
14.75;570.3
14.76;570.3
14.77;570.3
14.78;570.3
14.79;570.3
14.8;570.3
14.81;570.3
14.82;570.3
14.83;570.3
14.84;570.3
14.85;570.3
14.86;570.3
14.87;570.3
14.88;570.3
14.89;570.3
14.9;850
14.91;850
14.92;570.3
14.93;570.3
14.94;570.3
14.95;570.3
14.96;570.3
14.97;570.3
14.98;570.3
14.99;570.3
15;570.3
15.01;570.3
15.02;570.3
15.03;570.3
15.04;570.3
15.05;570.3
15.06;570.3
15.07;570.3
15.08;570.3
15.09;570.3
15.1;570.3
15.11;570.3
15.12;570.3
15.13;570.3
15.14;570.3
15.15;570.3
15.16;570.3
15.17;570.3
15.18;570.3
15.19;570.3
15.2;570.3
15.21;570.3
15.22;570.3
15.23;570.3
15.24;570.3
15.25;570.3
15.26;570.3
15.27;570.3
15.28;570.3
15.29;570.3
15.3;570.3
15.31;570.3
15.32;570.3
15.33;570.3
15.34;570.3
15.35;570.3
15.36;570.3
15.37;570.3
15.38;570.3
15.39;570.3
15.4;570.3
15.41;570.3
15.42;570.3
15.43;570.3
15.44;554.27
15.45;554.27
15.46;554.27
15.47;554.27
15.48;554.27
15.49;554.27
15.5;554.27
15.51;554.27
15.52;554.27
15.53;554.27
15.54;554.27
15.55;554.27
15.56;554.27
15.57;554.27
15.58;554.27
15.59;554.27
15.6;554.27
15.61;554.27
15.62;554.27
15.63;554.27
15.64;554.27
15.65;554.27
15.66;554.27
15.67;554.27
15.68;554.27
15.69;554.27
15.7;554.27
15.71;554.27
15.72;554.27
15.73;554.27
15.74;554.27
15.75;554.27
15.76;554.27
15.77;554.27
15.78;554.27
15.79;554.27
15.8;554.27
15.81;554.27
15.82;554.27
15.83;554.27
15.84;554.27
15.85;850
15.86;850
15.87;850
15.88;850
15.89;554.27
15.9;554.27
15.91;554.27
15.92;554.27
15.93;554.27
15.94;554.27
15.95;554.27
15.96;554.27
15.97;850
15.98;850
15.99;850
16;850
16.01;850
16.02;850
16.03;850
16.04;850
16.05;554.27
16.06;554.27
16.07;554.27
16.08;554.27
16.09;554.27
16.1;554.27
16.11;554.27
16.12;554.27
16.13;554.27
16.14;554.27
16.15;554.27
16.16;554.27
16.17;554.27
16.18;554.27
16.19;554.27
16.2;554.27
16.21;554.27
16.22;554.27
16.23;554.27
16.24;554.27
16.25;554.27
16.26;554.27
16.27;554.27
16.28;554.27
16.29;554.27
16.3;554.27
16.31;554.27
16.32;554.27
16.33;554.27
16.34;554.27
16.35;554.27
16.36;554.27
16.37;554.27
16.38;554.27
16.39;605.82
16.4;605.82
16.41;605.82
16.42;605.82
16.43;605.82
16.44;605.82
16.45;605.82
16.46;605.82
16.47;605.82
16.48;605.82
16.49;605.82
16.5;605.82
16.51;605.82
16.52;605.82
16.53;605.82
16.54;605.82
16.55;605.82
16.56;605.82
16.57;605.82
16.58;605.82
16.59;605.82
16.6;605.82
16.61;605.82
16.62;605.82
16.63;605.82
16.64;605.82
16.65;605.82
16.66;605.82
16.67;605.82
16.68;605.82
16.69;605.82
16.7;605.82
16.71;605.82
16.72;605.82
16.73;605.82
16.74;605.82
16.75;605.82
16.76;605.82
16.77;605.82
16.78;605.82
16.79;605.82
16.8;605.82
16.81;605.82
16.82;605.82
16.83;605.82
16.84;605.82
16.85;605.82
16.86;605.82
16.87;605.82
16.88;605.82
16.89;605.82
16.9;605.82
16.91;605.82
16.92;605.82
16.93;590.18
16.94;590.18
16.95;590.18
16.96;590.18
16.97;590.18
16.98;590.18
16.99;590.18
17;590.18
17.01;590.18
17.02;590.18
17.03;590.18
17.04;590.18
17.05;590.18
17.06;590.18
17.07;590.18
17.08;590.18
17.09;590.18
17.1;590.18
17.11;590.18
17.12;590.18
17.13;590.18
17.14;590.18
17.15;590.18
17.16;590.18
17.17;590.18
17.18;590.18
17.19;590.18
17.2;590.18
17.21;590.18
17.22;590.18
17.23;590.18
17.24;590.18
17.25;590.18
17.26;590.18
17.27;590.18
17.28;590.18
17.29;590.18
17.3;590.18
17.31;590.18
17.32;590.18
17.33;590.18
17.34;590.18
17.35;590.18
17.36;590.18
17.37;590.18
17.38;590.18
17.39;590.18
17.4;590.18
17.41;590.18
17.42;590.18
17.43;590.18
17.44;590.18
17.45;590.18
17.46;590.18
17.47;590.18
17.48;590.18
17.49;590.18
17.5;590.18
17.51;590.18
17.52;590.18
17.53;590.18
17.54;590.18
17.55;590.18
17.56;590.18
17.57;590.18
17.58;590.18
17.59;590.18
17.6;590.18
17.61;590.18
17.62;590.18
17.63;590.18
17.64;590.18
17.65;590.18
17.66;590.18
17.67;590.18
17.68;590.18
17.69;590.18
17.7;590.18
17.71;590.18
17.72;590.18
17.73;590.18
17.74;590.18
17.75;590.18
17.76;590.18
17.77;590.18
17.78;590.18
17.79;590.18
17.8;590.18
17.81;590.18
17.82;590.18
17.83;590.18
17.84;590.18
17.85;590.18
17.86;590.18
17.87;590.18
17.88;599.09
17.89;599.09
17.9;599.09
17.91;599.09
17.92;599.09
17.93;599.09
17.94;599.09
17.95;599.09
17.96;599.09
17.97;599.09
17.98;599.09
17.99;599.09
18;599.09
18.01;599.09
18.02;599.09
18.03;599.09
18.04;599.09
18.05;599.09
18.06;599.09
18.07;599.09
18.08;599.09
18.09;599.09
18.1;599.09
18.11;599.09
18.12;599.09
18.13;599.09
18.14;599.09
18.15;599.09
18.16;599.09
18.17;599.09
18.18;599.09
18.19;599.09
18.2;599.09
18.21;599.09
18.22;599.09
18.23;599.09
18.24;599.09
18.25;599.09
18.26;599.09
18.27;599.09
18.28;599.09
18.29;599.09
18.3;599.09
18.31;599.09
18.32;599.09
18.33;599.09
18.34;599.09
18.35;599.09
18.36;599.09
18.37;599.09
18.38;599.09
18.39;599.09
18.4;599.09
18.41;599.09
18.42;599.09
18.43;599.09
18.44;599.09
18.45;599.09
18.46;599.09
18.47;599.09
18.48;599.09
18.49;599.09
18.5;599.09
18.51;599.09
18.52;599.09
18.53;599.09
18.54;599.09
18.55;599.09
18.56;599.09
18.57;599.09
18.58;599.09
18.59;599.09
18.6;599.09
18.61;599.09
18.62;599.09
18.63;599.09
18.64;850
18.65;599.09
18.66;599.09
18.67;599.09
18.68;599.09
18.69;599.09
18.7;599.09
18.71;599.09
18.72;599.09
18.73;599.09
18.74;599.09
18.75;599.09
18.76;850
18.77;599.09
18.78;599.09
18.79;599.09
18.8;599.09
18.81;599.09
18.82;593.63
18.83;593.63
18.84;593.63
18.85;593.63
18.86;593.63
18.87;593.63
18.88;593.63
18.89;593.63
18.9;593.63
18.91;593.63
18.92;593.63
18.93;593.63
18.94;593.63
18.95;593.63
18.96;593.63
18.97;593.63
18.98;593.63
18.99;593.63
19;593.63
19.01;593.63
19.02;593.63
19.03;593.63
19.04;593.63
19.05;593.63
19.06;593.63
19.07;593.63
19.08;593.63
19.09;593.63
19.1;593.63
19.11;593.63
19.12;593.63
19.13;593.63
19.14;593.63
19.15;593.63
19.16;593.63
19.17;593.63
19.18;593.63
19.19;593.63
19.2;593.63
19.21;593.63
19.22;593.63
19.23;593.63
19.24;593.63
19.25;593.63
19.26;593.63
19.27;593.63
19.28;593.63
19.29;593.63
19.3;593.63
19.31;593.63
19.32;593.63
19.33;593.63
19.34;593.63
19.35;593.63
19.36;593.63
19.37;593.63
19.38;593.63
19.39;593.63
19.4;593.63
19.41;593.63
19.42;593.63
19.43;593.63
19.44;593.63
19.45;593.63
19.46;593.63
19.47;593.63
19.48;593.63
19.49;593.63
19.5;593.63
19.51;593.63
19.52;593.63
19.53;593.63
19.54;593.63
19.55;850
19.56;593.63
19.57;593.63
19.58;593.63
19.59;593.63
19.6;593.63
19.61;593.63
19.62;593.63
19.63;593.63
19.64;593.63
19.65;593.63
19.66;593.63
19.67;593.63
19.68;593.63
19.69;593.63
19.7;593.63
19.71;593.63
19.72;575.02
19.73;575.02
19.74;575.02
19.75;575.02
19.76;575.02
19.77;575.02
19.78;575.02
19.79;575.02
19.8;575.02
19.81;575.02
19.82;575.02
19.83;575.02
19.84;575.02
19.85;575.02
19.86;575.02
19.87;575.02
19.88;575.02
19.89;575.02
19.9;575.02
19.91;575.02
19.92;575.02
19.93;575.02
19.94;575.02
19.95;575.02
19.96;575.02
19.97;575.02
19.98;575.02
19.99;575.02
20;575.02
20.01;575.02
20.02;575.02
20.03;575.02
20.04;575.02
20.05;575.02
20.06;575.02
20.07;575.02
20.08;575.02
20.09;575.02
20.1;575.02
20.11;575.02
20.12;575.02
20.13;575.02
20.14;575.02
20.15;575.02
20.16;575.02
20.17;575.02
20.18;575.02
20.19;575.02
20.2;575.02
20.21;575.02
20.22;575.02
20.23;575.02
20.24;575.02
20.25;575.02
20.26;575.02
20.27;575.02
20.28;575.02
20.29;575.02
20.3;575.02
20.31;575.02
20.32;575.02
20.33;575.02
20.34;575.02
20.35;575.02
20.36;575.02
20.37;575.02
20.38;575.02
20.39;575.02
20.4;575.02
20.41;575.02
20.42;575.02
20.43;850
20.44;850
20.45;850
20.46;850
20.47;850
20.48;850
20.49;850
20.5;850
20.51;850
20.52;850
20.53;575.02
